Region,diet_group,Percentage,Population,age_group,grouping,mean_ghgs,mean_land,mean_watscar,mean_ghgs_ch4,mean_ghgs_n2o,mean_bio,mean_acid,mean_watuse,n_participants,Per_Person_GHGs,Scaled GHGs
London,vegan,4,8000000,20-29,vegan_female_20-29,2383.216383473,4049.672932221,13526411.130525,138.213165716,198.465641654,109763.87161257,10489.060925259,411915.6576172,487.0,4.8936681385482546,1565973.8043354417
London,vegan,4,8000000,20-29,vegan_male_20-29,2843.22830886,4845.974177056,15880592.028433,161.167919652,230.182435952,124675.16425107,12428.286924933,492222.2786746,198.0,14.359738933636365,4595116.458763637
London,vegan,4,8000000,30-39,vegan_female_30-39,2540.393020847,4262.57299745,13977927.843938,151.392087424,212.639307399,123441.89220552,11007.468070412,425503.5996251,376.0,6.756364417146277,2162036.6134868087
London,vegan,4,8000000,30-39,vegan_male_30-39,2698.172418304,4490.25876692,15193403.25858,145.903105765,217.411423007,126109.66552563,11770.707828851,452753.2876556,251.0,10.749690909577689,3439901.09106486
London,vegan,4,8000000,40-49,vegan_female_40-49,2657.602421868,4525.625972831,15304059.745505,172.36196784,222.044143297,127590.25100421,11872.14351147,451688.2750781,219.0,12.135170876109589,3883254.6803550683
London,vegan,4,8000000,40-49,vegan_male_40-49,2694.366019617,4553.663880856,14841207.695543,147.843090695,224.855780201,132012.33409226,11678.90812963,441906.1889351,165.0,16.329491027981817,5225437.128954181
London,vegan,4,8000000,50-59,vegan_female_50-59,2520.496825096,4427.549281559,15130223.558038,142.11403315,218.735418186,125142.39314571,11467.556763393,424692.8309056,106.0,23.778271934867924,7609047.019157736
London,vegan,4,8000000,50-59,vegan_male_50-59,2524.737409503,4413.799280802,14370528.918144,142.867339974,211.573632669,122925.27060284,11196.164372016,416335.442421,62.0,40.721571121016126,13030902.758725159
London,vegan,4,8000000,60-69,vegan_female_60-69,2633.644804226,4742.450322123,15675198.73058,145.497196981,223.279134154,128762.13270617,11907.675093925,439410.9382185,81.0,32.51413338550617,10404522.683361975
London,vegan,4,8000000,60-69,vegan_male_60-69,2427.010725764,4559.575998788,17095889.355713,108.715468958,213.271624774,117694.37134411,11452.590982967,477762.3619724,52.0,46.673283187769236,14935450.620086156
London,vegan,4,8000000,70-79,vegan_female_70-79,2839.875594178,4757.807694581,16572485.297502,195.633864786,229.870085728,135010.84492166,12369.18122838,505930.7334576,25.0,113.59502376712,36350407.6054784
London,vegan,4,8000000,70-79,vegan_male_70-79,2587.986805198,4499.38951313,16181930.817624,164.137273053,217.562651141,119285.6002036,11543.243117288,460111.6967641,19.0,136.20983185252632,43587146.19280842
London,veggie,7,8000000,20-29,veggie_female_20-29,4319.955997758,6207.026791511,15116316.008132,767.126570386,290.159041211,242831.49444475,20430.360412,545573.1476233,3752.0,1.1513741998288913,644769.5519041792
London,veggie,7,8000000,20-29,veggie_male_20-29,4899.777121339,6903.258500653,16770457.919306,852.620861553,322.55469485,268229.958412,23130.38268794,609392.3080941,646.0,7.584794305478328,4247484.811067864
London,veggie,7,8000000,30-39,veggie_female_30-39,4367.724164195,6265.816777324,15473426.301768,766.631297929,293.230105402,248109.63180568,20834.74315878,547908.9722044,3634.0,1.2019053836529996,673067.0148456797
London,veggie,7,8000000,30-39,veggie_male_30-39,4807.758162693,6787.162913364,16603476.202238,811.991240451,316.325517516,266148.8972905,22864.09092652,594307.0152665,1221.0,3.9375578728034393,2205032.408769926
London,veggie,7,8000000,40-49,veggie_female_40-49,4386.548303825,6317.881972941,15792643.373123,766.623857288,292.515519197,248886.96790858,21156.39647047,546728.9578291,2696.0,1.6270579761962167,911152.4666698814
London,veggie,7,8000000,40-49,veggie_male_40-49,4610.379492209,6610.474189688,16477661.724032,764.687251658,304.605360566,251351.9262479,21866.19864283,576240.6652619,961.0,4.797481261403746,2686589.506386098
London,veggie,7,8000000,50-59,veggie_female_50-59,4370.471444328,6310.075911589,16380318.605413,755.226412031,293.825073014,246156.87949091,21287.99944948,553108.3546952,1203.0,3.6329770942044886,2034467.1727545138
London,veggie,7,8000000,50-59,veggie_male_50-59,4455.095310198,6522.06762817,16333409.31528,733.031130896,299.52328766,244248.4288057,21186.60753071,559640.001432,426.0,10.457970211732395,5856463.318570142
London,veggie,7,8000000,60-69,veggie_female_60-69,4472.485087662,6476.280588035,16815591.083498,795.629508594,299.65654976,253656.31137871,21846.14780156,564219.2593341,536.0,8.34418859638433,4672745.613975225
London,veggie,7,8000000,60-69,veggie_male_60-69,4444.84358452,6628.730014408,16725207.749553,738.549691927,305.724163381,248603.8537398,21321.33244937,566825.9603656,229.0,19.40979731231441,10869486.494896071
London,veggie,7,8000000,70-79,veggie_female_70-79,4473.445256478,6632.652876176,17181322.996656,798.71889352,305.595039732,256697.8807305,21911.67941945,565183.8732052,289.0,15.479049330373703,8668267.625009274
London,veggie,7,8000000,70-79,veggie_male_70-79,4612.451445292,6842.65292261,17972881.278657,794.672849943,319.632836765,259421.3507273,22133.81134382,602571.5334267,158.0,29.192730666405065,16347929.173186839
London,meat,18,8000000,20-29,meat50-99_female_20-29,6913.346378262,11483.908972856,18869857.76377,1340.651639907,497.019244658,295261.4160434,31841.35588879,853067.0371684,669.0,10.33385108858296,14880745.567559464
London,meat,18,8000000,20-29,meat50-99_male_20-29,7387.087141033,11813.753911057,20069386.41303,1416.736588672,526.701588659,315329.2617736,34217.01721679,903817.2185316,151.0,48.92110689425828,70446393.92773193
London,meat,18,8000000,30-39,meat50-99_female_30-39,7135.58166656,11994.261494591,18849367.94149,1403.059285251,507.654792695,305726.5789884,32487.53444322,846420.7622289,1350.0,5.285616049303703,7611287.110997332
London,meat,18,8000000,30-39,meat50-99_male_30-39,7594.977983203,12457.481330451,20166206.75629,1484.898333897,543.7868378000001,327735.7784386,34928.18006258,894984.4505135,304.0,24.983480207904606,35976211.49938263
London,meat,18,8000000,40-49,meat50-99_female_40-49,7484.151329541,13124.07017211,18754898.01195,1498.014684239,527.166375872,317036.7591402,33511.53700702,840702.2575298001,2710.0,2.761679457395203,3976818.4186490923
London,meat,18,8000000,40-49,meat50-99_male_40-49,7781.512620765,13684.227209555,19024795.00326,1541.129376513,553.747728038,330672.2034882,34776.60356647,825704.8464032,663.0,11.736821449117647,16901022.88672941
London,meat,18,8000000,50-59,meat50-99_female_50-59,7586.115661522,13376.78299764,18907620.02015,1532.156192509,530.448101187,317633.8983009,33984.66013005,853522.1349537,2682.0,2.8285293294265474,4073082.2343742284
London,meat,18,8000000,50-59,meat50-99_male_50-59,7752.900129514,13735.965671516,18955503.93538,1546.929675381,545.84339208,321302.9927782,34523.29983909,851293.1917815,671.0,11.554247584968703,16638116.52235493
London,meat,18,8000000,60-69,meat50-99_female_60-69,7541.230540435,13030.556722137,19476050.05277,1527.971351039,529.024886747,317101.3936082,34295.80924761,885594.0181619,1456.0,5.179416579969093,7458359.875155494
London,meat,18,8000000,60-69,meat50-99_male_60-69,7835.827297245,13971.773399314,19187992.73848,1579.146512461,550.46982194,326034.4979316,34766.99641503,857247.7226442,634.0,12.359349049282335,17797462.630966563
London,meat,18,8000000,70-79,meat50-99_female_70-79,7611.196494765,13551.47330904,19784739.88134,1554.789805749,541.96477774,324067.7818591,34070.38653639,884080.8362441,450.0,16.913769988366667,24355828.783248
London,meat,18,8000000,70-79,meat50-99_male_70-79,8023.873929639,14815.728807134,19365564.25826,1649.471965289,567.785546484,329427.4206044,34587.44790741,870016.5619882,231.0,34.73538497679221,50018954.36658078
London,fish,4,8000000,20-29,fish_female_20-29,4902.947125081,6489.030806882,17131963.351906,842.863531942,322.486106938,248135.21166088,22770.95614381,759237.2105686,1329.0,3.689200244605719,1180544.07827383
London,fish,4,8000000,20-29,fish_male_20-29,5659.688871226,7381.889374139,19671024.653972,925.972458962,366.328778242,273612.3086798,26078.89770118,860979.7440421,163.0,34.722017614883434,11111045.636762701
London,fish,4,8000000,30-39,fish_female_30-39,4942.664483793,6515.886259015,17652628.539581,836.500414364,321.970771612,249827.68412553,23257.77137329,759629.6132108,2024.0,2.442027907012352,781448.9302439525
London,fish,4,8000000,30-39,fish_male_30-39,5327.205952942,6977.105921564,18953095.158366,854.536975955,343.782185164,262360.838158,24710.1459431,818712.7748626,412.0,12.930111536266992,4137635.6916054375
London,fish,4,8000000,40-49,fish_female_40-49,4927.040172677,6540.681894736,17729964.755823,841.105793907,320.413037196,252846.9224143,23470.16991168,748488.7548866,1689.0,2.917134501288928,933483.040412457
London,fish,4,8000000,40-49,fish_male_40-49,5201.802609349,6890.941560395,18288937.588674,844.988263568,334.051387364,258088.1295996,24020.1797372,782192.7528884,432.0,12.041209743863426,3853187.118036296
London,fish,4,8000000,50-59,fish_female_50-59,4944.320333791,6566.172011315,18446193.258613,834.8812859450001,323.892204601,246789.91162713,23652.47351582,788932.2758300999,946.0,5.226554264049683,1672497.3644958986
London,fish,4,8000000,50-59,fish_male_50-59,5142.355789303,6693.609079474,18449190.579349,834.246073905,330.226228599,253040.5656441,24151.16507942,792176.8306866,214.0,24.02969995001402,7689503.984004487
London,fish,4,8000000,60-69,fish_female_60-69,5103.822518681,6866.63521717,18922366.830964,879.670011677,336.023122898,258645.7589212,24455.23960965,819856.6042607,492.0,10.373623005449186,3319559.36174374
London,fish,4,8000000,60-69,fish_male_60-69,5153.8266806130005,7048.903698705,18767057.425435,865.62521819,343.165849005,259654.8954935,24005.80233145,799061.3245367,159.0,32.41400428058491,10372481.369787171
London,fish,4,8000000,70-79,fish_female_70-79,4990.762890714,6874.727609523,18969983.047527,856.399301444,339.623117706,259346.5740337,23791.25870694,798688.3514766,195.0,25.593655849815384,8189969.871940923
London,fish,4,8000000,70-79,fish_male_70-79,5303.953641929,7391.856969142,19804958.474144,901.249895287,357.981550402,265899.5933381,24857.3075777,854706.0662992,68.0,77.99931826366176,24959781.844371762
London,high_meat,64,8000000,20-29,meat 100+_female_20-29,10191.268743064,20378.573320193,22092641.19835,2111.090371546,757.689990564,387390.0835552,43737.42749378,971149.334013,393.0,25.931981534513994,132771745.45671166
London,high_meat,64,8000000,20-29,meat 100+_male_20-29,12104.782205645,24338.7929863,24385455.83032,2584.397436414,917.295174966,452814.6113061,52156.12012213,1060965.9213279,132.0,91.7028954973106,469518824.94623035
London,high_meat,64,8000000,20-29,meat <50_female_20-29,5386.15768943,8054.259510441,16975912.723162,1000.03505359,375.466776556,258610.2001502,25078.29222321,742815.8815584,764.0,7.049944619672774,36095716.452724606
London,high_meat,64,8000000,20-29,meat <50_male_20-29,5842.741220846,8781.104480255,17395332.484899,1087.363454556,407.855634625,277013.1676815,26935.57725525,749009.4254059,131.0,44.60107802172519,228357519.47123298
London,high_meat,64,8000000,30-39,meat 100+_female_30-39,10421.548409817,21112.200345029,22088092.34693,2165.169892297,764.294561514,394707.2268858,43952.59149038,963719.351362,778.0,13.39530643935347,68583968.96948977
London,high_meat,64,8000000,30-39,meat 100+_male_30-39,11178.862348943,22645.744469674,23344169.1093,2327.435899816,836.297882429,417294.5653328,46534.86610683,1020447.9221411,260.0,42.995624419011534,220137597.02533907
London,high_meat,64,8000000,30-39,meat <50_female_30-39,5489.000437973,8029.116429526,17506085.028828,1010.241531789,374.895624127,259545.3969077,25799.86944614,761775.1711725,1483.0,3.7012814821126097,18950561.188416563
London,high_meat,64,8000000,30-39,meat <50_male_30-39,5923.054206147,8586.602547979,18760173.884984,1076.925132086,401.91142913,276550.6400937,27601.16384792,818591.9673994,370.0,16.008254611208105,81962263.6093855
London,high_meat,64,8000000,40-49,meat 100+_female_40-49,11242.124224869,23997.330527419,21672363.2331,2393.374592696,814.624172547,419277.1377179,45377.50285845,938614.0902881,1935.0,5.809883320345736,29746602.60017017
London,high_meat,64,8000000,40-49,meat 100+_male_40-49,11493.864090238,24185.439015419,21888216.90015,2441.364133066,840.706541986,426420.5366705,46705.03078248,932619.2650626,616.0,18.65887027636039,95533415.81496519
London,high_meat,64,8000000,40-49,meat <50_female_40-49,5604.987137323,8371.516717811,17389599.271018,1050.075268647,382.423533526,264795.4058172,26272.91677703,756594.7246735,2093.0,2.6779680541438124,13711196.437216321
London,high_meat,64,8000000,40-49,meat <50_male_40-49,5898.524814835,8674.020430288,17926287.470579,1080.246619904,393.784828899,274409.1620408,27479.99024483,772622.978487,448.0,13.16635003311384,67411712.16954286
London,high_meat,64,8000000,50-59,meat 100+_female_50-59,11574.401589788,24934.026384375,21957748.79625,2485.821003823,827.111165117,424997.3254504,46340.11022442,960196.9119566,1753.0,6.6026249799132914,33805439.89715605
London,high_meat,64,8000000,50-59,meat 100+_male_50-59,11678.040095756,24765.493737843,22196915.9694,2493.825428728,845.726470224,424304.5883251,47281.6909799,948052.3525954,591.0,19.759797116338408,101170161.23565266
London,high_meat,64,8000000,50-59,meat <50_female_50-59,5743.81054721,8589.148020467,17812886.235386,1089.556732367,390.634887094,265987.4302747,27165.03069295,789643.1718661,1698.0,3.382691723916372,17319381.626451828
London,high_meat,64,8000000,50-59,meat <50_male_50-59,5932.798636723,8887.673871456,17753366.154011,1115.071943874,403.593661543,280050.005136,27831.50148846,772424.4996164,410.0,14.47024057737317,74087631.75615063
London,high_meat,64,8000000,60-69,meat 100+_female_60-69,11520.473391645,24780.218875941,22267712.39392,2482.433462121,825.564782097,418759.1540763,46208.57629087,967902.3117247,843.0,13.666041982971532,69970134.95281425
London,high_meat,64,8000000,60-69,meat 100+_male_60-69,11450.175664626,24237.669950228,22420088.34903,2483.418445581,836.508023034,419968.938759,46820.10154528,963566.5072567,543.0,21.086879677027625,107964823.94638143
London,high_meat,64,8000000,60-69,meat <50_female_60-69,5861.660341356,8773.431483816,18049559.35338,1135.358131228,397.27727146,274485.89453,27929.01125211,803482.1626348,1047.0,5.598529456882521,28664470.81923851
London,high_meat,64,8000000,60-69,meat <50_male_60-69,5921.724590471,9083.406080365,17674902.74035,1126.481213163,406.294094112,275390.0345431,27691.49666903,794376.8012882,364.0,16.268474149645606,83294587.6461855
London,high_meat,64,8000000,70-79,meat 100+_female_70-79,11990.853394399,26031.131035218,22709031.90567,2635.513953897,858.69091702,432051.8215774,47783.48446735,980562.3297263,274.0,43.762238665689786,224062661.96833172
London,high_meat,64,8000000,70-79,meat 100+_male_70-79,12263.987428482,26714.11593829,22944250.12484,2670.517895181,888.626578572,446023.654708,48459.35504749,982878.9450576,168.0,72.99992516953571,373759616.86802286
London,high_meat,64,8000000,70-79,meat <50_female_70-79,5836.04136184,8743.882449843,18143595.88405,1137.671005785,397.391549699,273304.9905213,27648.63836729,809873.8491242,381.0,15.317693863097112,78426592.57905722
London,high_meat,64,8000000,70-79,meat <50_male_70-79,6126.166528464,9377.144449959,18417879.232569,1192.354242117,414.881529855,291467.5388466,28641.06153772,816378.9792448,143.0,42.84032537387413,219342465.91423553
Midlands,vegan,3,4890000,20-29,vegan_female_20-29,2383.216383473,4049.672932221,13526411.130525,138.213165716,198.465641654,109763.87161257,10489.060925259,411915.6576172,487.0,4.8936681385482546,717901.1159250289
Midlands,vegan,3,4890000,20-29,vegan_male_20-29,2843.22830886,4845.974177056,15880592.028433,161.167919652,230.182435952,124675.16425107,12428.286924933,492222.2786746,198.0,14.359738933636365,2106573.7015644545
Midlands,vegan,3,4890000,30-39,vegan_female_30-39,2540.393020847,4262.57299745,13977927.843938,151.392087424,212.639307399,123441.89220552,11007.468070412,425503.5996251,376.0,6.756364417146277,991158.6599953589
Midlands,vegan,3,4890000,30-39,vegan_male_30-39,2698.172418304,4490.25876692,15193403.25858,145.903105765,217.411423007,126109.66552563,11770.707828851,452753.2876556,251.0,10.749690909577689,1576979.6564350468
Midlands,vegan,3,4890000,40-49,vegan_female_40-49,2657.602421868,4525.625972831,15304059.745505,172.36196784,222.044143297,127590.25100421,11872.14351147,451688.2750781,219.0,12.135170876109589,1780229.5675252767
Midlands,vegan,3,4890000,40-49,vegan_male_40-49,2694.366019617,4553.663880856,14841207.695543,147.843090695,224.855780201,132012.33409226,11678.90812963,441906.1889351,165.0,16.329491027981817,2395536.3338049324
Midlands,vegan,3,4890000,50-59,vegan_female_50-59,2520.496825096,4427.549281559,15130223.558038,142.11403315,218.735418186,125142.39314571,11467.556763393,424692.8309056,106.0,23.778271934867924,3488272.492845124
Midlands,vegan,3,4890000,50-59,vegan_male_50-59,2524.737409503,4413.799280802,14370528.918144,142.867339974,211.573632669,122925.27060284,11196.164372016,416335.442421,62.0,40.721571121016126,5973854.483453065
Midlands,vegan,3,4890000,60-69,vegan_female_60-69,2633.644804226,4742.450322123,15675198.73058,145.497196981,223.279134154,128762.13270617,11907.675093925,439410.9382185,81.0,32.51413338550617,4769823.367653755
Midlands,vegan,3,4890000,60-69,vegan_male_60-69,2427.010725764,4559.575998788,17095889.355713,108.715468958,213.271624774,117694.37134411,11452.590982967,477762.3619724,52.0,46.673283187769236,6846970.643645747
Midlands,vegan,3,4890000,70-79,vegan_female_70-79,2839.875594178,4757.807694581,16572485.297502,195.633864786,229.870085728,135010.84492166,12369.18122838,505930.7334576,25.0,113.59502376712,16664389.986636503
Midlands,vegan,3,4890000,70-79,vegan_male_70-79,2587.986805198,4499.38951313,16181930.817624,164.137273053,217.562651141,119285.6002036,11543.243117288,460111.6967641,19.0,136.20983185252632,19981982.33276561
Midlands,veggie,5,4890000,20-29,veggie_female_20-29,4319.955997758,6207.026791511,15116316.008132,767.126570386,290.159041211,242831.49444475,20430.360412,545573.1476233,3752.0,1.1513741998288913,281510.99185816396
Midlands,veggie,5,4890000,20-29,veggie_male_20-29,4899.777121339,6903.258500653,16770457.919306,852.620861553,322.55469485,268229.958412,23130.38268794,609392.3080941,646.0,7.584794305478328,1854482.207689451
Midlands,veggie,5,4890000,30-39,veggie_female_30-39,4367.724164195,6265.816777324,15473426.301768,766.631297929,293.230105402,248109.63180568,20834.74315878,547908.9722044,3634.0,1.2019053836529996,293865.8663031584
Midlands,veggie,5,4890000,30-39,veggie_male_30-39,4807.758162693,6787.162913364,16603476.202238,811.991240451,316.325517516,266148.8972905,22864.09092652,594307.0152665,1221.0,3.9375578728034393,962732.8999004409
Midlands,veggie,5,4890000,40-49,veggie_female_40-49,4386.548303825,6317.881972941,15792643.373123,766.623857288,292.515519197,248886.96790858,21156.39647047,546728.9578291,2696.0,1.6270579761962167,397815.675179975
Midlands,veggie,5,4890000,40-49,veggie_male_40-49,4610.379492209,6610.474189688,16477661.724032,764.687251658,304.605360566,251351.9262479,21866.19864283,576240.6652619,961.0,4.797481261403746,1172984.168413216
Midlands,veggie,5,4890000,50-59,veggie_female_50-59,4370.471444328,6310.075911589,16380318.605413,755.226412031,293.825073014,246156.87949091,21287.99944948,553108.3546952,1203.0,3.6329770942044886,888262.8995329975
Midlands,veggie,5,4890000,50-59,veggie_male_50-59,4455.095310198,6522.06762817,16333409.31528,733.031130896,299.52328766,244248.4288057,21186.60753071,559640.001432,426.0,10.457970211732395,2556973.7167685707
Midlands,veggie,5,4890000,60-69,veggie_female_60-69,4472.485087662,6476.280588035,16815591.083498,795.629508594,299.65654976,253656.31137871,21846.14780156,564219.2593341,536.0,8.34418859638433,2040154.1118159685
Midlands,veggie,5,4890000,60-69,veggie_male_60-69,4444.84358452,6628.730014408,16725207.749553,738.549691927,305.724163381,248603.8537398,21321.33244937,566825.9603656,229.0,19.40979731231441,4745695.442860873
Midlands,veggie,5,4890000,70-79,veggie_female_70-79,4473.445256478,6632.652876176,17181322.996656,798.71889352,305.595039732,256697.8807305,21911.67941945,565183.8732052,289.0,15.479049330373703,3784627.5612763707
Midlands,veggie,5,4890000,70-79,veggie_male_70-79,4612.451445292,6842.65292261,17972881.278657,794.672849943,319.632836765,259421.3507273,22133.81134382,602571.5334267,158.0,29.192730666405065,7137622.647936039
Midlands,meat,14,4890000,20-29,meat50-99_female_20-29,6913.346378262,11483.908972856,18869857.76377,1340.651639907,497.019244658,295261.4160434,31841.35588879,853067.0371684,669.0,10.33385108858296,7074554.455243896
Midlands,meat,14,4890000,20-29,meat50-99_male_20-29,7387.087141033,11813.753911057,20069386.41303,1416.736588672,526.701588659,315329.2617736,34217.01721679,903817.2185316,151.0,48.92110689425828,33491389.77980922
Midlands,meat,14,4890000,30-39,meat50-99_female_30-39,7135.58166656,11994.261494591,18849367.94149,1403.059285251,507.654792695,305726.5789884,32487.53444322,846420.7622289,1350.0,5.285616049303703,3618532.747353316
Midlands,meat,14,4890000,30-39,meat50-99_male_30-39,7594.977983203,12457.481330451,20166206.75629,1484.898333897,543.7868378000001,327735.7784386,34928.18006258,894984.4505135,304.0,24.983480207904606,17103690.550331496
Midlands,meat,14,4890000,40-49,meat50-99_female_40-49,7484.151329541,13124.07017211,18754898.01195,1498.014684239,527.166375872,317036.7591402,33511.53700702,840702.2575298001,2710.0,2.761679457395203,1890645.7565327561
Midlands,meat,14,4890000,40-49,meat50-99_male_40-49,7781.512620765,13684.227209555,19024795.00326,1541.129376513,553.747728038,330672.2034882,34776.60356647,825704.8464032,663.0,11.736821449117647,8035027.964065942
Midlands,meat,14,4890000,50-59,meat50-99_female_50-59,7586.115661522,13376.78299764,18907620.02015,1532.156192509,530.448101187,317633.8983009,33984.66013005,853522.1349537,2682.0,2.8285293294265474,1936411.1789254146
Midlands,meat,14,4890000,50-59,meat50-99_male_50-59,7752.900129514,13735.965671516,18955503.93538,1546.929675381,545.84339208,321302.9927782,34523.29983909,851293.1917815,671.0,11.554247584968703,7910037.896669575
Midlands,meat,14,4890000,60-69,meat50-99_female_60-69,7541.230540435,13030.556722137,19476050.05277,1527.971351039,529.024886747,317101.3936082,34295.80924761,885594.0181619,1456.0,5.179416579969093,3545828.5906468416
Midlands,meat,14,4890000,60-69,meat50-99_male_60-69,7835.827297245,13971.773399314,19187992.73848,1579.146512461,550.46982194,326034.4979316,34766.99641503,857247.7226442,634.0,12.359349049282335,8461210.359138686
Midlands,meat,14,4890000,70-79,meat50-99_female_70-79,7611.196494765,13551.47330904,19784739.88134,1554.789805749,541.96477774,324067.7818591,34070.38653639,884080.8362441,450.0,16.913769988366667,11579166.93403582
Midlands,meat,14,4890000,70-79,meat50-99_male_70-79,8023.873929639,14815.728807134,19365564.25826,1649.471965289,567.785546484,329427.4206044,34587.44790741,870016.5619882,231.0,34.73538497679221,23779844.555111952
Midlands,fish,3,4890000,20-29,fish_female_20-29,4902.947125081,6489.030806882,17131963.351906,842.863531942,322.486106938,248135.21166088,22770.95614381,759237.2105686,1329.0,3.689200244605719,541205.6758836589
Midlands,fish,3,4890000,20-29,fish_male_20-29,5659.688871226,7381.889374139,19671024.653972,925.972458962,366.328778242,273612.3086798,26078.89770118,860979.7440421,163.0,34.722017614883434,5093719.984103399
Midlands,fish,3,4890000,30-39,fish_female_30-39,4942.664483793,6515.886259015,17652628.539581,836.500414364,321.970771612,249827.68412553,23257.77137329,759629.6132108,2024.0,2.442027907012352,358245.49395871203
Midlands,fish,3,4890000,30-39,fish_male_30-39,5327.205952942,6977.105921564,18953095.158366,854.536975955,343.782185164,262360.838158,24710.1459431,818712.7748626,412.0,12.930111536266992,1896847.3623703676
Midlands,fish,3,4890000,40-49,fish_female_40-49,4927.040172677,6540.681894736,17729964.755823,841.105793907,320.413037196,252846.9224143,23470.16991168,748488.7548866,1689.0,2.917134501288928,427943.6313390857
Midlands,fish,3,4890000,40-49,fish_male_40-49,5201.802609349,6890.941560395,18288937.588674,844.988263568,334.051387364,258088.1295996,24020.1797372,782192.7528884,432.0,12.041209743863426,1766445.4694247646
Midlands,fish,3,4890000,50-59,fish_female_50-59,4944.320333791,6566.172011315,18446193.258613,834.8812859450001,323.892204601,246789.91162713,23652.47351582,788932.2758300999,946.0,5.226554264049683,766735.5105360885
Midlands,fish,3,4890000,50-59,fish_male_50-59,5142.355789303,6693.609079474,18449190.579349,834.246073905,330.226228599,253040.5656441,24151.16507942,792176.8306866,214.0,24.02969995001402,3525156.982667057
Midlands,fish,3,4890000,60-69,fish_female_60-69,5103.822518681,6866.63521717,18922366.830964,879.670011677,336.023122898,258645.7589212,24455.23960965,819856.6042607,492.0,10.373623005449186,1521810.4948993956
Midlands,fish,3,4890000,60-69,fish_male_60-69,5153.8266806130005,7048.903698705,18767057.425435,865.62521819,343.165849005,259654.8954935,24005.80233145,799061.3245367,159.0,32.41400428058491,4755134.427961806
Midlands,fish,3,4890000,70-79,fish_female_70-79,4990.762890714,6874.727609523,18969983.047527,856.399301444,339.623117706,259346.5740337,23791.25870694,798688.3514766,195.0,25.593655849815384,3754589.3131679166
Midlands,fish,3,4890000,70-79,fish_male_70-79,5303.953641929,7391.856969142,19804958.474144,901.249895287,357.981550402,265899.5933381,24857.3075777,854706.0662992,68.0,77.99931826366176,11442499.98927918
Midlands,high_meat,72,4890000,20-29,meat 100+_female_20-29,10191.268743064,20378.573320193,22092641.19835,2111.090371546,757.689990564,387390.0835552,43737.42749378,971149.334013,393.0,25.931981534513994,91301320.58671688
Midlands,high_meat,72,4890000,20-29,meat 100+_male_20-29,12104.782205645,24338.7929863,24385455.83032,2584.397436414,917.295174966,452814.6113061,52156.12012213,1060965.9213279,132.0,91.7028954973106,322867554.46693116
Midlands,high_meat,72,4890000,20-29,meat <50_female_20-29,5386.15768943,8054.259510441,16975912.723162,1000.03505359,375.466776556,258610.2001502,25078.29222321,742815.8815584,764.0,7.049944619672774,24821445.0169439
Midlands,high_meat,72,4890000,20-29,meat <50_male_20-29,5842.741220846,8781.104480255,17395332.484899,1087.363454556,407.855634625,277013.1676815,26935.57725525,749009.4254059,131.0,44.60107802172519,157031475.49889007
Midlands,high_meat,72,4890000,30-39,meat 100+_female_30-39,10421.548409817,21112.200345029,22088092.34693,2165.169892297,764.294561514,394707.2268858,43952.59149038,963719.351362,778.0,13.39530643935347,47162194.9116757
Midlands,high_meat,72,4890000,30-39,meat 100+_male_30-39,11178.862348943,22645.744469674,23344169.1093,2327.435899816,836.297882429,417294.5653328,46534.86610683,1020447.9221411,260.0,42.995624419011534,151378994.4544558
Midlands,high_meat,72,4890000,30-39,meat <50_female_30-39,5489.000437973,8029.116429526,17506085.028828,1010.241531789,374.895624127,259545.3969077,25799.86944614,761775.1711725,1483.0,3.7012814821126097,13031471.842222076
Midlands,high_meat,72,4890000,30-39,meat <50_male_30-39,5923.054206147,8586.602547979,18760173.884984,1076.925132086,401.91142913,276550.6400937,27601.16384792,818591.9673994,370.0,16.008254611208105,56361862.835141495
Midlands,high_meat,72,4890000,40-49,meat 100+_female_40-49,11242.124224869,23997.330527419,21672363.2331,2393.374592696,814.624172547,419277.1377179,45377.50285845,938614.0902881,1935.0,5.809883320345736,20455437.194273267
Midlands,high_meat,72,4890000,40-49,meat 100+_male_40-49,11493.864090238,24185.439015419,21888216.90015,2441.364133066,840.706541986,426420.5366705,46705.03078248,932619.2650626,616.0,18.65887027636039,65694150.46900966
Midlands,high_meat,72,4890000,40-49,meat <50_female_40-49,5604.987137323,8371.516717811,17389599.271018,1050.075268647,382.423533526,264795.4058172,26272.91677703,756594.7246735,2093.0,2.6779680541438124,9428589.925029535
Midlands,high_meat,72,4890000,40-49,meat <50_male_40-49,5898.524814835,8674.020430288,17926287.470579,1080.246619904,393.784828899,274409.1620408,27479.99024483,772622.978487,448.0,13.16635003311384,46356085.196587205
Midlands,high_meat,72,4890000,50-59,meat 100+_female_50-59,11574.401589788,24934.026384375,21957748.79625,2485.821003823,827.111165117,424997.3254504,46340.11022442,960196.9119566,1753.0,6.6026249799132914,23246522.029278714
Midlands,high_meat,72,4890000,50-59,meat 100+_male_50-59,11678.040095756,24765.493737843,22196915.9694,2493.825428728,845.726470224,424304.5883251,47281.6909799,948052.3525954,591.0,19.759797116338408,69570293.68720427
Midlands,high_meat,72,4890000,50-59,meat <50_female_50-59,5743.81054721,8589.148020467,17812886.235386,1089.556732367,390.634887094,265987.4302747,27165.03069295,789643.1718661,1698.0,3.382691723916372,11909781.021564763
Midlands,high_meat,72,4890000,50-59,meat <50_male_50-59,5932.798636723,8887.673871456,17753366.154011,1115.071943874,403.593661543,280050.005136,27831.50148846,772424.4996164,410.0,14.47024057737317,50946823.024815455
Midlands,high_meat,72,4890000,60-69,meat 100+_female_60-69,11520.473391645,24780.218875941,22267712.39392,2482.433462121,825.564782097,418759.1540763,46208.57629087,967902.3117247,843.0,13.666041982971532,48115400.613646165
Midlands,high_meat,72,4890000,60-69,meat 100+_male_60-69,11450.175664626,24237.669950228,22420088.34903,2483.418445581,836.508023034,419968.938759,46820.10154528,963566.5072567,543.0,21.086879677027625,74242685.96687886
Midlands,high_meat,72,4890000,60-69,meat <50_female_60-69,5861.660341356,8773.431483816,18049559.35338,1135.358131228,397.27727146,274485.89453,27929.01125211,803482.1626348,1047.0,5.598529456882521,19711302.51179198
Midlands,high_meat,72,4890000,60-69,meat <50_male_60-69,5921.724590471,9083.406080365,17674902.74035,1126.481213163,406.294094112,275390.0345431,27691.49666903,794376.8012882,364.0,16.268474149645606,57278043.78607225
Midlands,high_meat,72,4890000,70-79,meat 100+_female_70-79,11990.853394399,26031.131035218,22709031.90567,2635.513953897,858.69091702,432051.8215774,47783.48446735,980562.3297263,274.0,43.762238665689786,154078089.8941606
Midlands,high_meat,72,4890000,70-79,meat 100+_male_70-79,12263.987428482,26714.11593829,22944250.12484,2670.517895181,888.626578572,446023.654708,48459.35504749,982878.9450576,168.0,72.99992516953571,257018136.53690132
Midlands,high_meat,72,4890000,70-79,meat <50_female_70-79,5836.04136184,8743.882449843,18143595.88405,1137.671005785,397.391549699,273304.9905213,27648.63836729,809873.8491242,381.0,15.317693863097112,53930536.55319232
Midlands,high_meat,72,4890000,70-79,meat <50_male_70-79,6126.166528464,9377.144449959,18417879.232569,1192.354242117,414.881529855,291467.5388466,28641.06153772,816378.9792448,143.0,42.84032537387413,150832217.57633603